step,private value,transaction fee,incentive awareness,revenue,probability,miner number
1,8070.0,2192.5046,0.27168584,1503.0998118587001,0.2557381536612643,1
1,200000.0,57152.605,0.28576303,61244.87985794832,0.4287434157194242,1
1,2044.0,584.1191,0.28577253,257.26111339842953,0.1762206148472381,1
1,380.0,108.6096,0.28581473,16.56508901115047,0.061037858311891374,1
1,2304.0,658.4175,0.2857715,302.36752271373615,0.18374497731044606,1
1,6373.0,1821.1866,0.28576598,1115.262611772064,0.24501501377937884,1
1,3164.0,904.17346,0.2857691,459.5031396392289,0.2033355799195216,1
1,46723.0,13351.721,0.28576335,11833.924177484167,0.3546140401813224,1
1,10202.0,2915.373,0.28576484,1981.749508144933,0.27197076519678615,1
1,2937.0,839.30536,0.2857696,416.9804678110814,0.19878034659505203,1
1,2670.0,763.0066,0.28577027,367.87965568947857,0.192910816632615,1
1,241704.0,69070.055,0.28576297,75636.32198918563,0.43813122530606374,1
1,16435.0,4696.533,0.28576413,3504.528608828689,0.29855079623870984,1
1,9826.0,2807.926,0.2857649,1893.8077027631298,0.26984721301239045,1
1,440.0,125.75537,0.28580767,22.599499010405946,0.07191689827465005,1
1,3553.0,1015.3353,0.28576845,533.8746781505199,0.21038030905423266,1
1,1912.0,546.3983,0.2857732,234.87416939521935,0.17199317491258267,1
1,3616.0,1033.3384,0.28576836,546.0854454381755,0.21144289324549997,1
1,445.0,127.18419,0.28580716,23.120319821079114,0.07274754436191747,1
1,5576.0,1593.4337,0.28576645,944.7269082545962,0.23721561446633574,1
1,11666.0,3333.7295,0.28576458,2329.008007238613,0.279516610155046,1
1,1777.0,507.82034,0.28577396,212.37063928395366,0.16732906024422278,1
1,6276.0,1793.4677,0.28576604,1094.2894263541018,0.24412304055939804,1
1,462.0,132.04218,0.28580558,24.910340541108237,0.07549552905201161,1
1,5725.0,1636.0122,0.28576633,976.2888259862627,0.238760513705873,1
1,783.0,223.77203,0.28578803,63.17026679618998,0.1129597777685734,1
1,5427.0,1550.8549,0.2857665,913.3208607397085,0.2356260736826637,1
1,11322.0,3235.4272,0.28576463,2246.751616622412,0.2778373094506705,1
1,65041.0,18586.324,0.2857632,17273.30422305411,0.3718313373747825,1
1,2525.0,721.571,0.28577068,341.66312961536636,0.18945194214059657,1
1,606.0,173.192,0.2857954,41.131349144002314,0.09503370841484221,1
1,2390.0,682.99304,0.28577116,317.5601768502062,0.18603332303977219,1
1,1351.0,386.0854,0.28577748,144.35656721648903,0.14960553550406358,1
1,3536.0,1010.4773,0.28576848,530.5872929644099,0.21009009022074765,1
1,6430.0,1837.4753,0.285766,1127.613809336962,0.24553244527992435,1
1,1469.0,419.80536,0.2857763,162.69447435575793,0.15506605541096338,1
1,6063.0,1732.6002,0.28576615,1048.4408376459967,0.24211178894429797,1
1,2634.0,752.7191,0.28577036,361.3400912357046,0.19207131393794558,1
1,16248.0,4643.0957,0.28576413,3457.3431445172946,0.29792086656400063,1
1,2431.0,694.7093,0.28577098,324.8481122916509,0.18709315803895835,1
1,3456.0,987.6162,0.28576857,515.1617140449009,0.20870405822935703,1
1,3556.0,1016.19244,0.2857684,534.4551553991836,0.2104313589053382,1
1,1254.0,358.36636,0.2857786,129.6087910215722,0.14471183946567484,1
1,2162.0,617.83905,0.285772,277.57320919387143,0.1797566563553719,1
1,1547.0,442.09494,0.28577566,175.03837106620654,0.15841937686085056,1
1,420.0,120.04011,0.2858098,20.542904955569597,0.06848550584514985,1
1,16482.0,4709.963,0.28576404,3516.400385394605,0.29870789165234773,1
1,3317.0,947.89526,0.28576884,488.5375897183092,0.2062119003128133,1
1,7056.0,2016.3628,0.2857657,1264.5144078995656,0.25091377731224945,1
1,1261.0,360.36673,0.28577852,130.66266123059404,0.1450786524823149,1
1,2015.0,575.832,0.28577268,252.311683568522,0.17531773798934927,1
1,1800.0,514.3929,0.2857738,216.17520444221373,0.16815028606658702,1
1,420.0,120.04011,0.2858098,20.542904955569597,0.06848550584514985,1
1,3641.0,1040.4824,0.2857683,550.9432153929214,0.21185906222182022,1
1,8295.0,2370.423,0.2857653,1541.6365656867881,0.2602104066821543,1
1,12251.0,3500.901,0.2857645,2469.7657288166192,0.2822557430078462,1
1,1692.0,483.5305,0.28577453,198.4193313893302,0.16419059749939377,1
1,5994.0,1712.8826,0.28576618,1033.6505300870447,0.24144409645192216,1
1,302.0,86.32009,0.2858281,9.401216832489995,0.04358874633650165,1
1,2220.0,634.4133,0.28577176,287.65547340529145,0.18141895291000698,1
1,2775.0,793.0118,0.28577,387.06530120953477,0.1952914236632434,1
1,4653.0,1329.6744,0.28576714,752.8689402114658,0.22654083275137965,1
1,1974.0,564.11566,0.2857729,245.34372802291722,0.17401691851192208,1
1,3590.0,1025.9086,0.2857684,541.0406710023027,0.21100677789098218,1
1,535.0,152.90283,0.28579968,32.91172743940569,0.08613444484387643,1
1,2479.0,708.42596,0.28577086,333.41626733924875,0.1883097010500763,1
1,40000.0,11430.537,0.28576344,9897.773933925402,0.3464459227608837,1
1,284.0,81.17636,0.28583226,7.87647642358159,0.038834114532591744,1
1,147.0,42.02684,0.28589687,0.0,0.0,1
1,22032.0,6295.9478,0.2857638,4949.914526589983,0.3145588518123235,1
1,4504.0,1287.0958,0.2857673,722.5390740373658,0.22460696208995232,1
1,2249.0,642.7005,0.28577167,292.7201208408854,0.18223259169903624,1
1,4715.0,1347.3918,0.2857671,765.5452107894433,0.22732609487616648,1
1,4194.0,1198.5093,0.28576759,660.069846820558,0.220354495451497,1
1,1278.0,365.22467,0.2857783,133.22886908795334,0.14596019937109808,1
1,2477.0,707.85443,0.28577086,333.0585067977856,0.18825952632870419,1
1,930.0,265.7792,0.2857841,82.84841718090814,0.12473023706086234,1
1,5800.0,1657.4446,0.2857663,992.2331786690061,0.2395220046779045,1
1,8747.0,2499.588,0.28576517,1644.5661153668725,0.2632395760956767,1
1,3972.0,1135.0698,0.28576782,615.8891431980402,0.21709703977061517,1
1,176.0,50.31397,0.2858748,0.05392628087739163,0.0004290554829505732,1
1,4414.0,1261.3771,0.28576735,704.3131342034897,0.22340544714751237,1
1,5072.0,1449.4092,0.28576678,839.1490150553374,0.2316433339228052,1
1,4114.0,1175.6483,0.2857677,644.0936445848421,0.21920236708460264,1
1,22185.0,6339.67,0.2857638,4990.233913833642,0.31493404613406095,1
1,2286.0,653.2737,0.28577152,299.2041865426575,0.18325434163596338,1
1,13840.0,3954.9785,0.28576434,2857.2747377131045,0.2890509385568383,1
1,2097.0,599.2645,0.2857723,266.35048227773996,0.17783546358269595,1
1,3132.0,895.0292,0.28576922,453.4678446101682,0.2027151358000278,1
1,4675.0,1335.9612,0.2857671,757.3632260918739,0.22682073114202414,1
1,176.0,50.31397,0.2858748,0.05392628087739163,0.0004290554829505732,1
1,2688.0,768.1504,0.28577024,371.15686831979605,0.19332601184351353,1
1,419.0,119.75433,0.28580987,20.441220176028153,0.06830916021222087,1
1,5008.0,1431.1202,0.2857668,825.8791098509371,0.23089373003681027,1
1,1264.0,361.22403,0.2857785,131.11480815804637,0.14523515517519342,1
1,596.0,170.33438,0.28579593,39.94979195182853,0.09385252221073494,1
1,7842.0,2240.9727,0.28576544,1439.4281538818805,0.2569935951996539,1
1,15732.0,4495.6416,0.28576416,3327.561540498055,0.296142346346017,1
1,5104.0,1458.5536,0.28576678,845.7958684699347,0.23201434696364276,1
1,4375.0,1250.2323,0.28576738,696.4376565929997,0.22287661785209478,1
2,3816.0,1134.0345,0.29717886,1447.4043787049873,0.22787704017251825,3
2,3751.0,1071.9163,0.28576812,1429.3366589965626,0.22444616890987895,3
2,2618.0,748.147,0.28577042,920.4085135244749,0.20221223335590588,3
2,1846.0,527.53796,0.28577355,591.5404062254968,0.1800135909942314,3
2,604.0,172.62048,0.2857955,121.3117471010741,0.10422479871566158,3
2,4898.0,1399.6864,0.28576693,1966.1353572529447,0.24057739986000576,3
2,1549.0,442.66644,0.28577563,470.5992737986299,0.16862585234483066,3
2,3040.0,868.73883,0.28576934,1106.9282697453543,0.21152400878479385,3
2,2448.0,699.56726,0.28577095,846.4847106001129,0.1979941652223976,3
2,13048.0,3728.654,0.28576443,6088.892744610745,0.2975328710251245,3
2,1705.0,487.24542,0.28577444,533.6588346528124,0.17487634272602007,3
2,2270.0,648.70154,0.2857716,769.9242415170322,0.19322485828480634,3
2,2816.0,804.728,0.2857699,1007.4161271869442,0.2067680773885032,3
2,12444.0,3556.0532,0.2857645,5771.619090938678,0.2948515467784659,3
2,8251.0,2357.8496,0.28576532,3612.90107656516,0.2713064313726379,3
2,3780.0,1080.2034,0.2857681,1442.6748306292257,0.2249160053174513,3
2,2260.0,645.8438,0.2857716,765.6503181101033,0.19294506284698384,3
2,2128.0,608.12317,0.28577217,709.5197810037657,0.189121086960755,3
2,6014.0,1718.5979,0.28576618,2503.4498181384656,0.2527931032361704,3
2,2775.0,793.0118,0.28577,989.3230834622747,0.20585360861681878,3
2,5112.0,1460.8397,0.28576678,2068.146848831539,0.2431359097940131,3
2,2236.0,638.9855,0.28577167,755.4048633379804,0.192268012010782,3
2,564.0,161.18997,0.28579783,108.47068555014104,0.0992947782863536,3
2,3855.0,1101.6356,0.285768,1477.2323995722413,0.22611344620258933,3
2,4600.0,1314.529,0.2857672,1824.9831581109734,0.23680866124765465,3
2,2646.0,756.1483,0.28577033,932.6550894960973,0.2028785895273451,3
2,9440.0,2697.6216,0.285765,4216.152092295598,0.2790811560538889,3
2,151.0,43.169888,0.2858933,0.0,0.0,3
2,15960.0,4560.796,0.28576416,7635.784413422417,0.3088546757300236,3
2,951.0,271.7802,0.28578362,241.14603148175914,0.13600286518143437,3
2,616.0,176.04964,0.28579485,125.21156918544926,0.1056334828636012,3
2,2000.0,571.5455,0.28577274,655.6250410352412,0.1851598474655608,3
2,2422.0,692.13745,0.28577104,835.246238534461,0.19732130029420067,3
2,2113.0,603.8366,0.28577217,703.1759519520024,0.18867036907573015,3
2,203.0,58.029556,0.28585988,8.854718026971936,0.020789011824610244,3
2,7258.0,2074.087,0.28576562,3115.824180750899,0.263842912422287,3
2,3052.0,872.16797,0.2857693,1112.2897898400909,0.21176808921848703,3
2,19466.0,5562.6807,0.28576392,9529.766957118165,0.31990129993267696,3
2,4721.0,1349.1064,0.28576708,1882.1658998555513,0.23836947559152386,3
2,552.0,157.7608,0.28579855,104.66801275564065,0.09773970354148932,3
2,3068.0,876.74036,0.28576934,1119.4429418634518,0.21209190958840238,3
2,153.0,43.74141,0.28589156,0.0,0.0,3
2,6048.0,1728.3135,0.28576612,2520.013014719098,0.2531263044440636,3
2,9184.0,2624.4663,0.28576505,4085.5914646661304,0.277498318568238,3
2,6314.0,1804.3267,0.28576604,2649.952560535116,0.25566652163736325,3
2,8064.0,2304.4116,0.28576532,3518.792513786953,0.2699763174297532,3
2,12236.0,3496.6147,0.28576452,5662.676446704566,0.29389627370378835,3
2,3791.0,1083.3469,0.28576812,1447.7376919957915,0.22509323307729331,3
2,3744.0,1069.916,0.28576818,1426.1191651711465,0.2243321939046745,3
2,2500.0,714.42694,0.28577077,869.0163760759691,0.19931707337466265,3
2,4274.0,1221.3704,0.28576753,1671.858984044834,0.23237494066159575,3
2,1441.0,411.80408,0.2857766,427.60918128043835,0.16388361720329192,3
2,1728.0,493.818,0.2857743,543.0455777906733,0.1757451244066084,3
2,7908.0,2259.833,0.28576544,3440.456433355056,0.2688414962494757,3
2,76770.0,21938.04,0.28576317,42603.23042685539,0.3935674103213352,3
2,3275.0,935.89325,0.28576893,1212.4524246648657,0.21612487672751346,3
2,7805.0,2230.3994,0.28576547,3388.821985780433,0.2680791181213597,3
2,6909.0,1974.3557,0.28576577,2942.7736312651496,0.26095917930198653,3
2,3530.0,1008.7627,0.28576848,1328.1472206124556,0.22073260776129447,3
2,3243.0,926.7489,0.28576902,1198.0191508528737,0.21551962077494374,3
2,4486.0,1281.9521,0.28576732,1771.277589212053,0.23529747919147098,3
2,3572.0,1020.7649,0.28576845,1347.3141668634103,0.22145719530842095,3
2,1390.0,397.23016,0.2857771,407.51440051167907,0.1615079275400415,3
2,1558.0,445.23828,0.28577554,474.20729286797484,0.16900467428967483,3
2,309.0,88.32043,0.28582662,34.02595967839565,0.054289765756206886,3
2,5300.0,1514.563,0.2857666,2158.186290766088,0.2452910802670048,3
2,7500.0,2143.2415,0.28576553,3236.3441794157457,0.26575743824373044,3
2,3077.0,879.31213,0.2857693,1123.469009101358,0.2122732618808168,3
2,2339.0,668.41907,0.2857713,799.4950960379329,0.19511998505913195,3
2,429.0,122.61198,0.2858088,67.20585912252032,0.07922750972951857,3
2,425.0,121.46893,0.28580925,66.03965989684173,0.07852918650740136,3
2,2171.0,620.4109,0.28577194,727.7451681494483,0.19039425315599237,3
2,2120.0,605.83704,0.28577217,706.1355028314059,0.18888113848036703,3
2,3331.0,951.89594,0.2857688,1237.7575508267887,0.21716898093590975,3
2,845.0,241.48936,0.28578624,203.1722488727688,0.1278709176613107,3
2,6754.0,1930.0623,0.2857658,2866.2164179963975,0.25962844336088825,3
2,3683.0,1052.4844,0.2857682,1398.1146000977296,0.22332906151608758,3
2,2414.0,689.8513,0.28577104,831.7920151882074,0.19711270430321623,3
2,200000.0,57152.605,0.28576303,118126.91157604626,0.44273528835886944,3
2,212.0,60.60143,0.2858558,10.786856288050812,0.02433683407328882,3
2,154.0,44.027176,0.28589076,0.0,0.0,3
2,4310.0,1231.6578,0.28576747,1688.6986362022726,0.23288200119634583,3
2,1332.0,380.65588,0.2857777,384.83241991641887,0.15868800400582456,3
2,845.0,241.48936,0.28578624,203.1722488727688,0.1278709176613107,3
2,2825.0,807.2999,0.28576988,1011.3929948572218,0.20696691563898123,3
2,633.0,180.90762,0.28579402,130.7720935228624,0.10757789506840829,3
2,910.0,260.0639,0.2857845,226.33625624153316,0.13298147548186662,3
2,3390.0,968.7559,0.28576872,1264.481636030747,0.21824883689160443,3
2,1368.0,390.94333,0.2857773,398.88899696820545,0.16045363814386826,3
2,11330.0,3237.7136,0.28576466,5190.156360141317,0.28952542562439126,3
2,3284.0,938.46497,0.28576887,1216.5153964832662,0.21629396594844094,3
2,837.0,239.20328,0.28578648,200.34942172397785,0.12721218573760243,3
2,3931.0,1123.3536,0.2857679,1512.3403395947616,0.22730163517240598,3
2,705.0,201.48251,0.2857908,154.75914098699303,0.1152171750119358,3
2,1660.0,474.38608,0.28577474,515.3582061538502,0.173139183436988,3
2,1733.0,495.24683,0.2857743,545.0890777035069,0.17593233015159251,3
2,3692.0,1055.0562,0.28576818,1402.2425543714328,0.22347816215746,3
2,4038.0,1153.9303,0.2857678,1561.9182138856336,0.22893352314963336,3
2,1205.0,344.36398,0.28577924,335.8488856566005,0.15201555354714935,3
2,12242.0,3498.329,0.28576452,5665.816891927313,0.29392407391898795,3
3,7019.0,2039.3597,0.29054847,2241.5230560377213,0.25847289193508605,2
3,2390.0,682.99304,0.28577116,593.7400190732981,0.19242659141710278,2
3,4605.0,1315.9579,0.2857672,1352.233105520669,0.23262317182359585,2
3,6270.0,1791.753,0.28576604,1965.345660582851,0.25091052496118305,2
3,14900.0,4257.887,0.28576425,5433.396865177784,0.30039741179037815,2
3,2811.0,803.2992,0.2857699,730.9621015965477,0.20255357497730248,2
3,2926.0,836.1619,0.2857696,769.1306629186544,0.2050368662001423,2
3,4623.0,1321.1016,0.28576717,1358.7018820763706,0.2328566749031007,2
3,3955.0,1130.212,0.28576788,1121.428642275374,0.2234664774727773,2
3,1980.0,565.8302,0.28577283,464.47790813682974,0.18051579773770038,2
3,1055.0,301.49957,0.2857816,195.23963399650765,0.1392504333627391,2
3,2575.0,735.85913,0.28577054,653.5298289620224,0.19709600341243763,2
3,5675.0,1621.724,0.28576633,1743.0708150057942,0.24504304816420602,2
3,27032.0,7724.7627,0.28576365,10721.259530312585,0.3331397779321782,2
3,5368.0,1533.9949,0.28576654,1629.69214620949,0.24175372680410645,2
3,890.0,254.34866,0.28578502,151.9630252795281,0.1276850532769203,2
3,8074.0,2307.2693,0.28576532,2656.7188580234124,0.26562787056273507,2
3,1582.0,452.0966,0.28577533,344.12185355464544,0.1660687356194683,2
3,8108.0,2316.9854,0.28576535,2669.970012450573,0.265870530072084,2
3,2851.0,814.72974,0.28576982,744.2068145927614,0.20342951449175162,2
3,2297.0,656.4171,0.2857715,564.0095065717044,0.18992966226277533,2
3,6685.0,1910.345,0.2857659,2122.2004314875285,0.25466248712139516,2
3,606.0,173.192,0.2857954,82.85977147863589,0.10080422068514082,2
3,8736.0,2496.4446,0.28576517,2916.0285776514047,0.2701682172851443,2
3,1440.0,411.51828,0.2857766,302.66520869292077,0.15993066251636595,2
3,4083.0,1166.7897,0.28576773,1166.4294348781605,0.22539122400893868,2
3,15423.0,4407.341,0.28576416,5653.714921656907,0.3023205965650757,2
3,2016.0,576.1177,0.28577265,475.6309874502012,0.18166406095736762,2
3,8136.0,2324.9868,0.28576535,2680.888362049807,0.26606956457789166,2
3,213.0,60.88719,0.28585535,6.428415419879924,0.021358514280447355,2
3,910.0,260.0639,0.2857845,157.10255115976264,0.1292072559471396,2
3,1871.0,534.68207,0.28577343,430.9626212391955,0.1768961584029,2
3,5070.0,1448.8374,0.28576675,1520.5600596030333,0.23836318198880763,2
3,3439.0,982.7583,0.28576863,942.5163637909465,0.21496686159089426,2
3,4228.0,1208.2251,0.28576753,1217.6824207976204,0.22749508420326633,2
3,1696.0,484.67358,0.28577453,378.0052514388611,0.17057788286639544,2
3,1952.0,557.82886,0.28577298,455.83161735163645,0.17960697270259807,2
3,9888.0,2825.6436,0.28576493,3373.3397764913675,0.27726266125582405,2
3,9635.0,2753.3455,0.28576496,3272.2875927757323,0.27578238324987414,2
3,1440.0,411.51828,0.2857766,302.66520869292077,0.15993066251636595,2
3,23360.0,6675.442,0.28576377,9087.214736470547,0.3252024094435799,2
3,563.0,160.90422,0.2857979,73.15499689934163,0.09553013155187746,2
3,1118.0,319.50262,0.28578052,212.24894655812727,0.14315138432706273,2
3,4317.0,1233.6581,0.28576744,1249.2814297516936,0.22874856718876801,2
3,3729.0,1065.6296,0.2857682,1042.5578759296409,0.21989941157022505,2
3,871.0,248.91917,0.2857855,147.10976122766823,0.1262037655855366,2
3,2840.0,811.58624,0.2857698,740.5611734162021,0.20318994997815262,2
3,5422.0,1549.426,0.2857665,1649.566741643741,0.2423465997349324,2
3,1768.0,505.2485,0.28577405,399.66072922852317,0.17325935488758515,2
3,2067.0,590.6916,0.2857724,491.4998629744554,0.1832533577340353,2
3,606.0,173.192,0.2857954,82.85977147863589,0.10080422068514082,2
3,423.0,120.89739,0.28580943,43.40481946281448,0.07462210550798731,2
3,3406.0,973.32806,0.28576866,931.220123944532,0.2143774752684746,2
3,1608.0,459.5264,0.28577513,351.8043480745085,0.1671275056726013,2
3,2698.0,771.00793,0.28577018,693.7313495853481,0.200004607592782,2
3,7359.0,2102.9487,0.28576556,2379.8428871216197,0.2602578292276879,2
3,39840.0,11384.814,0.2857634,16579.33511539452,0.3539715429790064,2
3,8814.0,2518.734,0.28576514,2946.756966258548,0.2706790346322415,2
3,3069.0,877.026,0.2857693,816.9660869287986,0.20798227783864706,2
3,63072.0,18023.658,0.28576323,27631.445700192227,0.3782067892404823,2
3,176.0,50.31397,0.2858748,1.4171501847443455,0.005653641680311101,2
3,1724.0,492.67493,0.28577432,386.40403546219136,0.17163507715995355,2
3,9826.0,2807.926,0.2857649,3348.5452984060225,0.27690364531260797,2
3,729.0,208.34085,0.2857899,111.81743199518073,0.11386304265181653,2
3,1808.0,516.6791,0.2857738,411.77272842921013,0.17469832451150258,2
3,2363.0,675.27747,0.28577125,585.0853305437387,0.19171262326549682,2
3,5624.0,1607.1501,0.2857664,1724.171595193153,0.24450993592097406,2
3,2813.0,803.87067,0.28576988,731.6234908988151,0.20259767007166402,2
3,4300.0,1228.8,0.28576747,1243.2375882048755,0.22851128341915783,2
3,920.0,262.92157,0.2857843,159.68388164855975,0.129954620286274,2
3,9718.0,2777.0635,0.28576493,3305.402195437296,0.2762724776825748,2
3,7029.0,2008.6471,0.2857657,2253.2681430557104,0.25758949588503355,2
3,933.0,266.63647,0.285784,163.05095063707464,0.13091294357972105,2
3,1988.0,568.11633,0.2857728,466.95284142332497,0.18077290784789446,2
3,8957.0,2559.598,0.28576508,3003.1844498906084,0.27160321632242956,2
3,1000.0,285.7826,0.2857826,180.6004302507762,0.13563016236146172,2
3,177.0,50.599724,0.28587416,1.5439514180069804,0.0061261542997056466,2
3,6975.0,1993.2161,0.28576574,2232.6331002812444,0.2571402285853036,2
3,5149.0,1471.4128,0.28576672,1549.3991301399185,0.23928231847233555,2
3,5555.0,1587.4325,0.28576642,1698.642423296256,0.2437804238783219,2
3,4797.0,1370.8245,0.28576705,1421.433075542827,0.2350650760181035,2
3,2509.0,716.9987,0.2857707,632.103614753071,0.19547289658132977,2
3,2204.0,629.8412,0.28577188,534.5103738415123,0.18732110687861736,2
3,6776.0,1936.3491,0.2857658,2156.782697519248,0.2554520871915951,2
3,3790.0,1083.0612,0.28576812,1063.7704647188968,0.2208845576766063,2
3,1699.0,485.5308,0.28577444,378.9037101807769,0.17069204192613852,2
3,31518.0,9006.694,0.2857635,12747.810603951515,0.3414294394692245,2
3,154.0,44.027176,0.28589076,0.0,0.0,2
3,770.0,220.05713,0.28578848,121.81979604283569,0.11768120672596447,2
3,200.0,57.17227,0.28586137,4.596348836628569,0.016222112469420343,2
3,3141.0,897.6008,0.28576913,841.2015020913436,0.20940995256879147,2
3,2820.0,805.87103,0.28576988,733.9392119205862,0.2027518209704872,2
3,1954.0,558.4004,0.28577298,456.4483969170984,0.1796723651013275,2
3,154.0,44.027176,0.28589076,0.0,0.0,2
3,7056.0,2016.3628,0.2857657,2263.593851801795,0.25781275669355613,2
3,2178.0,622.41125,0.28577194,526.3061472624515,0.18657049929728886,2
3,7346.0,2099.2341,0.28576562,2374.8414636264465,0.26015514199499584,2
3,606.0,173.192,0.2857954,82.85977147863589,0.10080422068514082,2
3,2961.0,846.1637,0.28576958,780.801017861008,0.20577184227350928,2
3,7616.0,2176.39,0.28576547,2478.960917628526,0.2622493697349479,2
4,2123.0,575.0614,0.27087206,536.2565048287343,0.19156488943640773,2
4,521.0,148.90218,0.28580073,70.00383007793657,0.09896330041187301,2
4,4146.0,1184.7926,0.28576764,1236.7022927095863,0.2368712255569672,2
4,1976.0,564.68726,0.2857729,486.24440970373485,0.19039109584985672,2
4,2034.0,581.2615,0.2857726,504.8976530538929,0.19225553785222937,2
4,1118.0,319.50262,0.28578052,225.29393893938675,0.15273816067723311,2
4,380.0,108.6096,0.28581473,39.38838292661742,0.0754111744261565,2
4,2434.0,695.56665,0.285771,636.1872178136621,0.20373015472978004,2
4,2864.0,818.4446,0.28576976,781.789873635375,0.21399079805121735,2
4,2340.0,668.7049,0.2857713,604.9442093948427,0.2012267757410345,2
4,3855.0,1101.6356,0.285768,1131.1287239688686,0.23241739081874485,2
4,7611.0,2174.961,0.28576547,2564.735420446134,0.27322785041055114,2
4,2652.0,757.86285,0.2857703,709.4792078651349,0.2091560913619013,2
4,3740.0,1068.773,0.28576818,1089.7478674423144,0.23055720402180707,2
4,3957.0,1130.7834,0.28576785,1167.996084694214,0.2340182579287413,2
4,5292.0,1512.2771,0.28576666,1662.9664222545066,0.25164878550317193,2
4,1440.0,411.51828,0.2857766,319.45227361665667,0.16970227589812537,2
4,6975.0,1993.2161,0.28576574,2313.0824500576055,0.26809021261657245,2
4,9195.0,2627.6096,0.28576505,3203.103584725561,0.28426856928553695,2
4,333.0,95.17874,0.28582203,30.042328000447494,0.06529316864644585,2
4,8757.0,2502.4456,0.28576517,3025.0607812614544,0.2814300859713627,2
4,3923.0,1121.0674,0.28576788,1155.6901181715164,0.2334895833910494,2
4,294.0,84.03398,0.28582987,22.696860175390142,0.05559424953078469,2
4,926.0,264.63617,0.2857842,172.04694405199297,0.13984863705980538,2
4,477.0,136.3286,0.28580418,60.087263733100016,0.09246429750694124,2
4,3728.0,1065.3438,0.28576818,1085.441502547274,0.23035958805862108,2
4,2519.0,719.85645,0.2857707,664.6293868488881,0.20590574657131536,2
4,7768.0,2219.826,0.28576544,2627.2966036213993,0.2744261367942759,2
4,14707.0,4202.735,0.28576425,5520.47433954724,0.3111937734699305,2
4,9162.0,2618.1794,0.28576505,3189.651514340972,0.28405974466090916,2
4,129623.0,37041.465,0.28576306,62356.85111620049,0.4286283396479726,2
4,2101.0,600.40753,0.28577226,526.5735984300053,0.1943390684734795,2
4,1818.0,519.5366,0.28577372,435.98204610576204,0.18499551384767185,2
4,3955.0,1130.212,0.28576788,1167.271727105615,0.23398730240903046,2
4,4590.0,1311.6714,0.2857672,1399.986885699612,0.2430606879640422,2
4,2431.0,694.7093,0.28577098,635.1866300161253,0.20365186890241035,2
4,4228.0,1208.2251,0.28576753,1266.6647955772573,0.23806607469902574,2
4,4606.0,1316.2437,0.2857672,1405.917488427696,0.24327164278209645,2
4,5313.0,1518.278,0.2857666,1670.9162678503722,0.2518866343890329,2
4,924.0,264.0646,0.2857842,171.50587774967744,0.13969937219347775,2
4,3288.0,939.6082,0.28576893,929.1435988665711,0.22260114317281404,2
4,1460.0,417.23355,0.2857764,325.47016049231615,0.17061578183612697,2
4,19300.0,5515.243,0.2857639,7531.489845950179,0.3264746734730334,2
4,2571.0,734.71606,0.28577054,682.1154034784024,0.20719807278912736,2
4,9585.0,2739.0571,0.28576496,3362.535414076563,0.2866781893688192,2
4,23057.0,6588.8555,0.28576377,9215.39655833352,0.3363654956286218,2
4,2864.0,818.4446,0.28576976,781.789873635375,0.21399079805121735,2
4,3850.0,1100.2068,0.285768,1129.3253498387112,0.23233773434533922,2
4,2414.0,689.8513,0.28577104,629.5209481790866,0.2032063462182306,2
4,19100.0,5458.0913,0.28576395,7442.744923873662,0.32589276923350463,2
4,3000.0,857.30835,0.28576946,828.6750254963611,0.2168939280882151,2
4,338.0,96.60755,0.28582117,31.01224093882429,0.0664435160348361,2
4,3365.0,961.61194,0.28576878,956.2611336730995,0.22403637601772478,2
4,1830.0,522.96576,0.28577363,439.7699557350741,0.1854228029380569,2
4,1308.0,373.79758,0.28577796,280.20405639689443,0.16330372180789968,2
4,9408.0,2688.477,0.285765,3290.0756235030285,0.2855976942023168,2
4,4830.0,1380.2545,0.285767,1489.2669285470254,0.24614551902725917,2
4,2878.0,822.44525,0.28576973,786.5989064074818,0.21429642261869253,2
4,495.0,141.47232,0.28580266,64.10796748369275,0.0952005202359648,2
4,4623.0,1321.1016,0.28576717,1412.2221996828391,0.24349492537648496,2
4,4544.0,1298.5261,0.2857672,1382.9537971170803,0.24244979007058165,2
4,5000.0,1428.8341,0.2857668,1552.9102340141053,0.24823331307161536,2
4,864.0,246.91885,0.2857857,155.4176088056823,0.1350487140244095,2
4,1637.0,467.81354,0.28577492,379.47885867388317,0.17815243879979836,2
4,9870.0,2820.4995,0.2857649,3479.5559189157807,0.28837439842169404,2
4,4541.0,1297.669,0.28576723,1381.8437869324296,0.2424097185122292,2
4,2850.0,814.44385,0.28576976,776.9849365692836,0.21368356352716472,2
4,7194.0,2055.7979,0.28576562,2399.405022159863,0.2699134654281937,2
4,2943.0,841.0199,0.28576958,808.9791179229763,0.21569474032144526,2
4,4962.0,1417.9751,0.28576684,1538.6558893585425,0.24777326003565692,2
4,563.0,160.90422,0.2857979,79.73435599565555,0.10462126642496226,2
4,9086.0,2596.4617,0.2857651,3158.6939817565085,0.28357576560740677,2
4,2475.0,707.28284,0.28577083,649.8842324022057,0.20478958313948678,2
4,179.0,51.171253,0.28587294,3.892116209348441,0.015341630107427926,2
4,5360.0,1531.7086,0.28576654,1688.7250069381166,0.2524153265773589,2
4,1169.0,334.0765,0.28577974,239.83397223034552,0.1557563348235398,2
4,3400.0,971.6135,0.2857687,968.6213756972223,0.22467714670823483,2
4,2280.0,651.5591,0.28577152,585.1219619319894,0.19957149599459276,2
4,3990.0,1140.2136,0.28576782,1179.9560445358281,0.23452674776191643,2
4,837.0,239.20328,0.28578648,148.2723486166648,0.13283876029011105,2
4,151.0,43.169888,0.2858933,0.19116719454795159,0.0008868209135894353,2
4,2457.0,702.13916,0.28577092,643.8658030578506,0.20432682248836995,2
4,1677.0,479.2441,0.28577468,391.86036868914056,0.17973304982099253,2
4,4146.0,1184.7926,0.28576764,1236.7022927095863,0.2368712255569672,2
4,336.0,96.03604,0.28582156,30.623538980372594,0.06598567656102504,2
4,594.0,169.76286,0.28579608,87.06887296031307,0.10850481205521215,2
4,2097.0,599.2645,0.2857723,525.2757041693509,0.1942166972915926,2
4,302.0,86.32009,0.2858281,24.17042775806409,0.05769760684313737,2
4,5917.0,1690.8788,0.28576624,1901.439881002212,0.25832995380143253,2
4,156.0,44.5987,0.28588912,0.8190602856617366,0.0036829523494295497,2
4,37026.0,10580.679,0.28576347,15691.532528337855,0.36231481586753445,2
4,2160.0,617.2676,0.28577203,545.7713291551618,0.19611522852425675,2
4,4817.0,1376.5396,0.285767,1484.4137698297047,0.24598267889439449,2
4,627.0,179.19304,0.28579432,95.00912688739812,0.11239950652512797,2
4,305.0,87.17739,0.28582752,24.72758723359737,0.058470220407980875,2
4,250.0,71.46041,0.28584164,14.934401911367178,0.042737008566608975,2
4,429.0,122.61198,0.2858088,49.62845927755031,0.08456519062924336,2
4,1272.0,363.5101,0.28577837,269.64937650955324,0.16143607220819736,2
4,1728.0,493.818,0.2857743,407.7352801830119,0.1816900598254502,2
4,4520.0,1291.668,0.28576726,1374.0772332961799,0.24212844320967283,2
5,910.0,266.21848,0.29254776,92.1859736426475,0.14319450017083196,1
5,2278.0,650.9877,0.28577158,329.72323323858245,0.20265564516075668,1
5,143.0,40.88379,0.28590062,0.0,0.0,1
5,1197.0,342.0779,0.2857794,137.08205664673127,0.16034450211424306,1
5,2820.0,805.87103,0.28576988,435.47405277349475,0.21620961708349293,1
5,15884.0,4539.0776,0.28576413,3620.698302956901,0.3191470322155382,1
5,12876.0,3679.5024,0.2857644,2825.096590380641,0.3071926646401057,1
5,1120.0,320.07413,0.28578046,124.65710281192696,0.1558358181054459,1
5,2153.0,615.2672,0.28577206,306.06150448792414,0.1990342580058322,1
5,327.0,93.46416,0.2858231,15.550214802043612,0.06658598786911404,1
5,845.0,241.48936,0.28578624,82.3272596926775,0.1364139335198112,1
5,1416.0,404.65997,0.28577682,173.56398227107545,0.1716178314535153,1
5,2034.0,581.2615,0.2857726,283.8205730511153,0.19536934423543226,1
5,3404.0,972.7566,0.2857687,554.2844009912332,0.22798391930690795,1
5,1450.0,414.37585,0.28577647,179.3663691876826,0.17319639558976424,1
5,5214.0,1489.9875,0.2857667,946.2387308925022,0.25409118344777254,1
5,4349.0,1242.8026,0.28576744,755.0435102824787,0.24307647455807505,1
5,3486.0,996.1892,0.28576857,571.3161799376168,0.22946168520081386,1
5,1256.0,358.9379,0.28577858,146.7504816858192,0.16359010279292452,1
5,3616.0,1033.3384,0.28576836,598.4796932393941,0.23172981251254265,1
5,3369.0,962.75494,0.28576875,547.0394672674028,0.2273415443986968,1
5,3588.0,1025.3369,0.28576836,592.6126432985754,0.23124875312346407,1
5,5037.0,1439.4075,0.2857668,906.6085310192019,0.2520042288381092,1
5,2130.0,608.6947,0.28577217,301.7406020186101,0.19834322699377838,1
5,8240.0,2354.706,0.2857653,1655.6738054374719,0.2813238932196714,1
5,5685.0,1624.5819,0.2857664,1052.8536706208204,0.25929686231107196,1
5,1332.0,380.65588,0.2857777,159.38263732036776,0.16753415993695867,1
5,2151.0,614.6957,0.28577206,305.68535455908244,0.19897448072175697,1
5,163.0,46.599045,0.28588372,1.1611002196912947,0.00997500594126866,1
5,2833.0,809.58594,0.28576982,438.0676762052293,0.21649927433240287,1
5,1990.0,568.68787,0.2857728,275.67091645960403,0.19395522623499709,1
5,2961.0,846.1637,0.28576958,463.7358103080125,0.2192774019881764,1
5,6316.0,1804.8982,0.28576604,1198.121951627457,0.2655940838807375,1
5,1659.0,474.10043,0.28577483,215.76258795355628,0.1820935664306964,1
5,3336.0,953.3247,0.2857688,540.2221860251213,0.22672925161867893,1
5,1674.0,478.38678,0.28577465,218.420215856581,0.18268467775668484,1
5,1582.0,452.0966,0.28577533,202.2131928717129,0.1789650254599206,1
5,8649.0,2471.583,0.28576517,1755.392663923872,0.28416288978773724,1
5,4010.0,1145.9288,0.2857678,681.9506274442588,0.23810533596497002,1
5,4609.0,1317.1008,0.28576717,811.8369136376922,0.24661657958890612,1
5,2700.0,771.5795,0.2857702,411.6521857229362,0.21346599036495995,1
5,2189.0,625.5547,0.2857719,312.8454109291328,0.20010000249313661,1
5,1743.0,498.1044,0.28577417,230.7187415897289,0.18533179947569192,1
5,281.0,80.31907,0.28583297,10.977298999843507,0.054700259462364655,1
5,8412.0,2403.8572,0.28576523,1697.5140331602422,0.2825355660437051,1
5,329.0,94.03568,0.28582275,15.756546534816668,0.06705931655672852,1
5,17550.0,5015.1587,0.28576404,4071.088637542709,0.32478182509990094,1
5,796.0,227.48697,0.28578764,75.17285869364497,0.13222715152305842,1
5,2800.0,800.15576,0.2857699,431.48868362317626,0.21576114547501749,1
5,11869.0,3391.74,0.2857646,2564.543387931019,0.3025203172931724,1
5,3844.0,1098.4923,0.28576803,646.5798338641267,0.2355046522426362,1
5,20010.0,5718.1353,0.2857639,4747.05091013649,0.33215056218846123,1
5,715.0,204.34016,0.28579044,63.64972053692061,0.12464211217097916,1
5,3406.0,973.32806,0.28576866,554.6988961732908,0.2280204280554805,1
5,5225.0,1493.1309,0.28576666,948.7097679692438,0.25421839089737136,1
5,1110.0,317.21652,0.28578064,123.06022749465443,0.15522551988439245,1
5,4530.0,1294.5258,0.2857673,794.5158376025413,0.2455639507194969,1
5,700.0,200.05374,0.28579107,61.560223221383204,0.123133681209161,1
5,36079.0,10310.061,0.28576347,9398.336699661355,0.36471569645919666,1
5,17154.0,4901.9966,0.28576407,3963.4609269926264,0.3234949250160856,1
5,7020.0,2006.0752,0.2857657,1363.1630700671587,0.27187545150113596,1
5,336.0,96.03604,0.28582156,16.483324440714892,0.06869083393710138,1
5,2678.0,765.2927,0.28577024,407.30870511426764,0.2129487927163787,1
5,825.0,235.7741,0.28578678,79.3911956088634,0.1347381280257751,1
5,1908.0,545.25525,0.2857732,260.5940028520262,0.19122730259300635,1
5,4267.0,1219.37,0.28576753,737.2611537030164,0.2419129462965651,1
5,2736.0,781.86707,0.28577012,418.77582769446207,0.21430263022845233,1
5,839.0,239.77478,0.2857864,81.44418337704442,0.1359158137806832,1
5,2075.0,592.97766,0.28577235,291.45096370870067,0.19665760499364457,1
5,429.0,122.61198,0.2858088,26.75527659660386,0.08732481218343557,1
5,3504.0,1001.33276,0.28576848,575.0655351816258,0.2297810619143091,1
5,7232.0,2066.657,0.28576562,1413.4270903185106,0.2736366366199673,1
5,4233.0,1209.654,0.28576756,729.9067433192248,0.2414234943835545,1
5,2002.0,572.11707,0.28577277,277.88949659065975,0.19434422907786292,1
5,1764.0,504.10547,0.28577408,234.48522308601014,0.1861149622209777,1
5,1125.0,321.50293,0.28578037,125.45699239874762,0.15613870545906813,1
5,3266.0,933.3214,0.28576896,525.8061119245598,0.22540872730344974,1
5,3889.0,1111.3516,0.28576794,656.1398361929658,0.23622134008561546,1
5,3679.0,1051.3414,0.28576827,611.7131035784207,0.23279778838732962,1
5,2775.0,793.0118,0.28577,426.5153993120609,0.21519572869400175,1
5,710.0,202.91136,0.28579065,62.95162206604655,0.12414323120389145,1
5,3024.0,864.16675,0.28576943,476.454434280166,0.22059778635656752,1
5,1760.0,502.96243,0.2857741,233.76697394020388,0.18596657733333724,1
5,852.0,243.48969,0.285786,83.35994472492126,0.1369901917487595,1
5,7082.0,2023.7925,0.28576568,1377.8369220860595,0.2723962820358437,1
5,1420.0,405.803,0.28577676,174.244795939487,0.17180567236093436,1
5,2984.0,852.73627,0.28576952,468.3727452897812,0.21976292190278895,1
5,17406.0,4974.0083,0.285764,4031.911265853694,0.32431740330932396,1
5,604.0,172.62048,0.2857955,48.550125835666385,0.11254620112273203,1
5,760.0,217.19951,0.28578883,70.0029332582567,0.12896623045853128,1
5,444.0,126.89842,0.28580725,28.508303017423565,0.08990274731180646,1
5,5565.0,1590.2902,0.28576642,1025.5363330264129,0.25801539599144574,1
5,2000.0,571.5455,0.28577274,277.51950716826485,0.19427955288134427,1
5,1410.0,402.94537,0.28577685,172.5437137064393,0.17133500921606934,1
5,2972.0,849.307,0.28576952,465.952555373914,0.21951010196692192,1
5,3051.0,871.8823,0.28576937,481.9220292786802,0.22115466027134267,1
5,924.0,264.0646,0.2857842,94.1278912910049,0.14263197898740668,1
5,531.0,151.7598,0.28579998,39.12342599270548,0.10316265415629354,1
5,528.0,150.9025,0.2858002,38.74558171330076,0.10274685283522315,1
5,3545.0,1013.0493,0.2857685,583.6199218247733,0.2305020890045166,1
6,2827.0,787.01605,0.27839267,408.4716592162976,0.20023278107949785,1
6,423.0,120.89739,0.28580943,22.268287402740086,0.07371100690021,1
6,20328.0,5809.008,0.28576386,4593.637597632679,0.3163881857852043,1
6,8921.0,2549.3105,0.2857651,1721.837273775166,0.27023245348699304,1
6,2112.0,603.5509,0.2857722,276.9380859895824,0.18359127039763082,1
6,2310.0,660.1319,0.28577137,312.2356899272318,0.18924887956456066,1
6,71616.0,20465.217,0.2857632,19617.607035436864,0.3835250568409351,1
6,4368.0,1248.2322,0.28576744,712.4611362388898,0.22836992264427206,1
6,2177.0,622.1255,0.28577194,288.44415085853285,0.18550960137592598,1
6,1838.0,525.25183,0.28577358,229.38430827532292,0.17473595751393414,1
6,2016.0,576.1177,0.28577265,260.0974653233072,0.18063800141753295,1
6,3579.0,1022.76514,0.28576842,552.995940745232,0.21633221136628736,1
6,2331.0,666.133,0.28577134,316.02170112182836,0.1898179856334874,1
6,7360.0,2103.2344,0.28576553,1362.2439154748363,0.25914107887867577,1
6,2393.0,683.85034,0.28577113,327.2448280602251,0.1914664561348398,1
6,1870.0,534.39624,0.2857734,234.85453079852988,0.1758414717548734,1
6,1833.0,523.82306,0.28577363,228.53166399819798,0.1745613269341241,1
6,5263.0,1503.9899,0.28576666,900.2216585257253,0.23948370101520527,1
6,3551.0,1014.7637,0.28576842,547.4570810153978,0.21585412800238704,1
6,1713.0,489.5315,0.28577438,208.24425143040995,0.17020810133901837,1
6,1970.0,562.97253,0.28577286,252.09500245576626,0.17916850138301466,1
6,4389.0,1254.233,0.28576738,716.7884726439606,0.22865765781406114,1
6,2981.0,851.87885,0.2857695,436.75122209228107,0.20513216033323964,1
6,1870.0,534.39624,0.2857734,234.85453079852988,0.1758414717548734,1
6,176.0,50.31397,0.2858748,0.6039790196350402,0.00480545859542437,1
6,6099.0,1742.8875,0.2857661,1081.0865360013222,0.24817690633180595,1
6,3440.0,983.0441,0.28576863,525.5877395334419,0.2139182659373595,1
6,6395.0,1827.4733,0.28576595,1146.2390211606814,0.25095398189554335,1
6,2352.0,672.13403,0.28577128,319.81552749162273,0.19038157437134032,1
6,4324.0,1235.6584,0.28576744,703.4075065830631,0.22776221301049937,1
6,3203.0,915.31824,0.28576905,479.38485045991314,0.20955049704776646,1
6,4888.0,1396.8289,0.28576696,820.7501310031856,0.23509306690622056,1
6,1559.0,445.52408,0.28577554,182.731814010284,0.16410935383555014,1
6,5774.0,1650.0146,0.2857663,1010.2014739378645,0.24495758054890238,1
6,994.0,284.06802,0.28578272,95.3073440100739,0.13424855787497955,1
6,12422.0,3549.766,0.28576446,2564.374546958549,0.2890336954255995,1
6,3209.0,917.03284,0.28576905,480.546023250166,0.2096653176318425,1
6,4368.0,1248.2322,0.28576744,712.4611362388898,0.22836992264427206,1
6,1197.0,342.0779,0.2857794,125.44191968650858,0.14672906614045692,1
6,1386.0,396.08707,0.2857771,154.84551362377647,0.15642336654782285,1
6,2819.0,805.5853,0.28576988,406.06253098493283,0.20167853967699256,1
6,8228.0,2351.2769,0.2857653,1560.7703760251811,0.26558514628643004,1
6,11850.0,3386.3103,0.28576458,2423.8131174773343,0.2863778333296409,1
6,448.0,128.04147,0.28580686,24.94444834910001,0.07796150524033835,1
6,265.0,75.74686,0.2858372,7.1834615662902035,0.037956894351301736,1
6,897.0,256.34903,0.28578487,81.52675922579054,0.12725612382571114,1
6,814.0,232.63068,0.28578708,70.10041362170426,0.12057810888935691,1
6,4970.0,1420.2615,0.2857669,838.0335162233597,0.23608316788097505,1
6,14386.0,4111.005,0.28576428,3054.343525722929,0.29725985179436,1
6,5720.0,1634.5835,0.28576633,998.4922629994766,0.24440403127680457,1
6,2717.0,776.4375,0.28577015,386.93391034776045,0.1993926556592537,1
6,2190.0,625.8404,0.28577188,290.7551346939429,0.18588584784128545,1
6,1760.0,502.96243,0.2857741,216.14938451571064,0.17195141192774377,1
6,172.0,49.170906,0.28587735,0.35445021867100035,0.0028857187439975587,1
6,3312.0,946.4665,0.28576887,500.54916301848675,0.2116009607397374,1
6,1178.0,336.6484,0.28577963,122.55389579873572,0.14566311731720372,1
6,1728.0,493.818,0.2857743,210.76136280556105,0.1707700822392382,1
6,5250.0,1500.2749,0.28576666,897.4484124974806,0.23933712182219094,1
6,4452.0,1272.2361,0.28576732,729.794410404599,0.22951213664914513,1
6,3952.0,1129.3547,0.2857679,627.5972772891475,0.2223436594624467,1
6,7950.0,2271.8347,0.28576538,1496.7815092631934,0.26360301868825486,1
6,15680.0,4480.782,0.28576416,3382.8010397407843,0.3020569032744564,1
6,5000.0,1428.8341,0.2857668,844.3701133440916,0.23644102192732855,1
6,845.0,241.48936,0.28578624,74.32625556848274,0.12315649669069835,1
6,4387.0,1253.6615,0.28576738,716.3761839992956,0.2286303199529906,1
6,302.0,86.32009,0.2858281,10.387854450421685,0.04816329212353721,1
6,3360.0,960.18304,0.28576878,509.9155956061111,0.21248103711549976,1
6,2244.0,641.2716,0.28577167,300.3885383472643,0.18742323375268424,1
6,10528.0,3008.5317,0.28576478,2103.0666944759623,0.2796829006091526,1
6,1551.0,443.23798,0.2857756,181.42353229205423,0.16377482561562287,1
6,2016.0,576.1177,0.28577265,260.0974653233072,0.18063800141753295,1
6,616.0,176.04964,0.28579485,44.449457349876155,0.10103289159871381,1
6,6358.0,1816.9001,0.28576598,1138.0650725898752,0.2506144126535356,1
6,310.0,88.6062,0.28582644,11.110512490894488,0.05018438885688902,1
6,1974.0,564.11566,0.2857729,252.78908597001092,0.1792977474029319,1
6,1372.0,392.0864,0.28577727,152.627608678971,0.15575618905713587,1
6,37076.0,10594.966,0.28576344,9238.81043847349,0.34888404945907286,1
6,5940.0,1697.4514,0.28576624,1046.3200862168123,0.2466253633880993,1
6,24840.0,7098.371,0.28576374,5807.341781459036,0.3273285565911725,1
6,25792.0,7370.417,0.28576368,6067.507527293879,0.3293694968950649,1
6,3998.0,1142.4998,0.28576782,636.8982311939752,0.22304261136060682,1
6,2397.0,684.99335,0.2857711,327.97118574633936,0.19157120984536116,1
6,288.0,82.31941,0.2858313,9.147980380846025,0.04447663476701031,1
6,4120.0,1177.3628,0.28576767,661.6681407577981,0.22485549328907514,1
6,659.0,188.33745,0.2857928,49.80445403522933,0.1058177537947397,1
6,1921.0,548.9702,0.28577316,243.61993932743917,0.17756169870590327,1
6,7650.0,2186.106,0.2857655,1428.1518003446754,0.26137984908080397,1
6,3525.0,1007.33386,0.28576848,542.3218110195154,0.21540656360257532,1
6,1670.0,477.24368,0.28577465,201.05944160673684,0.16856707335582388,1
6,8960.0,2560.4556,0.28576514,1730.96497186286,0.27048253040893616,1
6,3180.0,908.74567,0.28576908,474.9380930899863,0.20910828262853515,1
6,1734.0,495.53256,0.28577426,211.7697281746122,0.17099337594240602,1
6,1348.0,385.22815,0.28577757,148.8397033342926,0.15459498867120966,1
6,1066.0,304.64297,0.2857814,105.80653417413188,0.1389709829679115,1
6,27387.0,7826.2085,0.28576362,6506.279070856262,0.33261839479026045,1
6,6720.0,1920.3464,0.28576583,1218.391564216194,0.25384989725920315,1
6,2002.0,572.11707,0.28577277,257.6572483849713,0.18019464541857666,1
6,5641.0,1612.008,0.28576636,981.3983190461427,0.24358408575715657,1
6,849.0,242.63242,0.28578612,74.87524447302714,0.12348160822002267,1
6,7210.0,2060.37,0.28576562,1328.326759396239,0.25794606401319964,1
7,4217.0,1215.9087,0.288335,717.2256964934116,0.23898829550424075,1
7,429.0,122.61198,0.2858088,26.047653480230498,0.0850152469838067,1
7,5883.0,1681.163,0.28576627,1086.3200573839094,0.2585345523975177,1
7,7131.0,2037.7949,0.28576565,1374.9150449876965,0.2699508509666872,1
7,5795.0,1656.0159,0.28576633,1066.3446615929963,0.2576343923724085,1
7,1133.0,323.78906,0.28578028,124.72126131175894,0.15412700883292113,1
7,179.0,51.171253,0.28587294,2.0146063410362043,0.015760197854843474,1
7,2713.0,775.29443,0.28577015,409.0636702736738,0.21110723804769801,1
7,3545.0,1013.0493,0.2857685,576.7463236217519,0.22778734489533625,1
7,1847.0,527.8237,0.28577355,246.06201497783036,0.18652701739795913,1
7,1878.0,536.6824,0.28577337,251.64036024395534,0.18760683911652604,1
7,1584.0,452.66815,0.28577533,199.66945746309287,0.17649061837211222,1
7,5060.0,1445.9799,0.28576678,901.6787345220363,0.24949466223020408,1
7,6627.0,1893.7705,0.2857659,1257.2270472340517,0.2656171751885654,1
7,1770.0,505.82004,0.28577402,232.30280711859,0.1837577038652025,1
7,2921.0,834.73315,0.28576964,450.10505142536937,0.21574663488153767,1
7,359.0,102.608574,0.28581774,18.336638100340174,0.07151814075935267,1
7,1344.0,384.08505,0.28577757,158.96994848967617,0.16560836863940898,1
7,2042.0,583.5476,0.2857726,281.5046863936912,0.1930160270065942,1
7,529.0,151.18826,0.28580013,37.98401580807637,0.10053688671400167,1
7,2813.0,803.87067,0.28576988,428.71545611334506,0.21338370256499892,1
7,111.0,31.739374,0.28594032,0.0,0.0,1
7,606.0,173.192,0.2857954,47.78669370351847,0.11041083771967063,1
7,4266.0,1219.0844,0.28576756,728.6617162382996,0.23914732144896267,1
7,1960.0,560.115,0.28577295,266.49980340446814,0.19037263885630631,1
7,4738.0,1353.9644,0.28576708,830.8574567228746,0.24552266701610445,1
7,4540.0,1297.3832,0.28576723,787.7440169244945,0.24293466059654148,1
7,7458.0,2131.2393,0.28576553,1452.0333456863816,0.2725921842493129,1
7,627.0,179.19304,0.28579432,50.541027103161305,0.11286342441746453,1
7,1922.0,549.256,0.28577316,259.59524332877425,0.18910681075273797,1
7,6160.0,1760.3191,0.2857661,1149.5364377302553,0.2612772293524663,1
7,1664.0,475.52917,0.28577474,213.5967633465252,0.17972402756409514,1
7,3110.0,888.74243,0.28576928,487.93102613588496,0.21966431677541637,1
7,3550.0,1014.47797,0.28576845,577.7805335438145,0.22787438873194793,1
7,3183.0,909.603,0.2857691,502.669675798236,0.2211095034629671,1
7,2299.0,656.98865,0.2857715,329.4088543623671,0.20061301881561178,1
7,4049.0,1157.0736,0.28576773,682.3751677425012,0.23595869166109668,1
7,3888.0,1111.0658,0.28576794,648.3379119108023,0.23347255075514575,1
7,2961.0,846.1637,0.28576958,458.0693680142432,0.21659802567719377,1
7,96296.0,27517.844,0.2857631,28462.584653878166,0.41383174841762593,1
7,3600.0,1028.7661,0.28576836,588.137942795686,0.22873762897790337,1
7,2840.0,811.58624,0.2857698,434.0469913581267,0.21398345864637577,1
7,2000.0,571.5455,0.28577274,273.80145958827086,0.1916767065848681,1
7,1056.0,301.7853,0.28578153,112.63648763099326,0.14934273881279167,1
7,559.0,159.76117,0.28579816,41.74546361479982,0.10456263373874453,1
7,2961.0,846.1637,0.28576958,458.0693680142432,0.21659802567719377,1
7,20080.0,5738.1387,0.2857639,4722.514410418041,0.3292818346498017,1
7,3808.0,1088.2047,0.28576803,631.5254199386909,0.23219593868152055,1
7,1800.0,514.3929,0.2857738,237.64688397508817,0.18485187339756162,1
7,1526.0,436.09384,0.28577578,189.6802044189322,0.17403351926110774,1
7,1081.0,308.92938,0.28578112,116.53384190450826,0.15093676567477515,1
7,6263.0,1789.7527,0.28576604,1173.1707884615748,0.26226378869575206,1
7,1285.0,367.22504,0.28577822,149.23712666988754,0.16260753738634573,1
7,16590.0,4740.826,0.2857641,3774.9374352657455,0.3185823324074813,1
7,3646.0,1041.9111,0.28576827,597.6919047786573,0.22952054836138672,1
7,1344.0,384.08505,0.28577757,158.96994848967617,0.16560836863940898,1
7,571.0,163.1903,0.2857974,43.2711499606284,0.1061062323158558,1
7,222.0,63.459053,0.2858516,5.321637451624489,0.03356632815465683,1
7,8022.0,2292.41,0.28576538,1586.361819731103,0.27687178234335597,1
7,6114.0,1747.1741,0.28576612,1139.0033883829096,0.2608309575952927,1
7,2304.0,658.4175,0.2857715,330.3532914887567,0.20075158040865618,1
7,5343.0,1526.8508,0.28576657,964.6051637636084,0.252769250050924,1
7,3343.0,955.325,0.28576878,535.2127817473381,0.22415646370784265,1
7,16047.0,4585.6567,0.28576413,3629.887085685533,0.31670695160221496,1
7,3303.0,943.89453,0.28576887,527.0468675117384,0.22340962474687506,1
7,479.0,136.90013,0.28580403,31.89329826542281,0.09322803419855666,1
7,4300.0,1228.8,0.28576747,735.9552633698687,0.23963117838975312,1
7,884.0,252.63412,0.2857852,86.56904174614557,0.1371139067544164,1
7,9968.0,2848.5044,0.28576487,2061.198203388542,0.289514639464804,1
7,385.0,110.03841,0.28581405,21.130867971247042,0.07685025276599447,1
7,3120.0,891.6,0.28576922,489.9458521587695,0.21986440800169904,1
7,3519.0,1005.61926,0.28576848,571.3734185242943,0.22733261620244086,1
7,6299.0,1800.0402,0.285766,1181.4472875008375,0.262604541897471,1
7,151.0,43.169888,0.2858933,0.14010705091533493,0.0012993313993885614,1
7,4000.0,1143.0713,0.28576782,671.9878585413516,0.2352133800079453,1
7,2820.0,805.87103,0.28576988,430.0966939701015,0.21353979857100647,1
7,5000.0,1428.8341,0.2857668,888.417953519558,0.24877532436199407,1
7,6740.0,1926.0618,0.28576583,1283.4851343825858,0.2666185298636183,1
7,3774.0,1078.4889,0.28576812,624.4007668794482,0.2316446646923453,1
7,3873.0,1106.7795,0.28576803,645.1803708050686,0.23323534055631562,1
7,5772.0,1649.4431,0.2857663,1061.1326447512413,0.2573967259669647,1
7,564.0,161.18997,0.28579783,42.37973970070513,0.10521023993149216,1
7,5000.0,1428.8341,0.2857668,888.417953519558,0.24877532436199407,1
7,6090.0,1740.3157,0.28576612,1133.5133241837227,0.2605966868361961,1
7,1932.0,552.11365,0.2857731,261.40916731351376,0.1894425340409428,1
7,3010.0,860.1661,0.28576946,467.8562031087674,0.21762434671322706,1
7,274.0,78.318726,0.28583476,9.876821683578708,0.050474025750053636,1
7,5497.0,1570.8584,0.28576648,999.1028170845972,0.25447447353579417,1
7,2323.0,663.84686,0.28577137,333.94629619603865,0.20127514977803307,1
7,1427.0,407.80334,0.2857767,172.85107209805906,0.16959540752386532,1
7,310.0,88.6062,0.28582644,13.322896359734983,0.060177369150605585,1
7,2710.0,774.4372,0.28577018,408.4764582629074,0.21103756342631877,1
7,2312.0,660.70355,0.28577143,331.8653533101262,0.2009726077722323,1
7,2073.0,592.4062,0.2857724,287.2138666895062,0.19398559182730934,1
7,2749.0,785.58185,0.28577003,416.1209821322441,0.21193701491401695,1
7,423.0,120.89739,0.28580943,25.364058163942854,0.0839584217917749,1
7,8160.0,2331.8452,0.28576535,1619.4717376819776,0.2778704062230153,1
7,3262.0,932.17834,0.28576896,518.6974769686509,0.2226339839337507,1
7,1440.0,411.51828,0.2857766,175.04449312159406,0.1701969901094404,1
7,9168.0,2619.894,0.28576505,1864.0058951167073,0.28466336790338104,1
8,800.0,226.12692,0.28265867,69.12164303475056,0.12044761421603592,1
8,1312.0,374.94058,0.2857779,144.9762637890592,0.15471405659749313,1
8,568.0,162.33302,0.28579757,39.35754883015937,0.0970193559459384,1
8,2820.0,805.87103,0.28576988,410.3065089766418,0.20371411942388865,1
8,2530.0,722.99976,0.28577065,355.8870185523812,0.19694907054184402,1
8,606.0,173.192,0.2857954,44.00009593911288,0.10166192878972159,1
8,606.0,173.192,0.2857954,44.00009593911288,0.10166192878972159,1
8,2034.0,581.2615,0.2857726,266.09763879302307,0.1831696717215318,1
8,4354.0,1244.2314,0.28576744,716.0369945411263,0.23025411118194314,1
8,3378.0,965.3268,0.28576875,518.3565790684562,0.2148474046339468,1
8,3494.0,998.4752,0.2857685,541.3117468931819,0.2169129920777103,1
8,8395.0,2398.999,0.28576523,1612.4189013036735,0.2689157169263957,1
8,606.0,173.192,0.2857954,44.00009593911288,0.10166192878972159,1
8,2947.0,842.163,0.2857696,434.53165385559265,0.2064443275163541,1
8,13856.0,3959.5505,0.28576434,2943.3149430922444,0.2974112032935638,1
8,6206.0,1773.4644,0.2857661,1114.0113629402179,0.25132597959243863,1
8,4676.0,1336.2471,0.28576714,783.2928699105081,0.23453617270538657,1
8,39578.0,11309.944,0.2857634,10028.704840220918,0.35477165318343856,1
8,1768.0,505.2485,0.28577405,219.95805214134737,0.1741895004277209,1
8,1110.0,317.21652,0.28578064,113.81833507110021,0.14356799587872504,1
8,3500.0,1000.18976,0.2857685,542.503342615016,0.21701780941830814,1
8,302.0,86.32009,0.2858281,10.754137861895593,0.04986156533587584,1
8,1500.0,428.66403,0.28577602,175.1849477637734,0.1635200842625859,1
8,2486.0,710.4263,0.28577083,347.7461200476456,0.19585000277957534,1
8,2684.0,767.0074,0.28577027,384.6248349061306,0.20063970614569857,1
8,4653.0,1329.6744,0.28576714,778.4587881676915,0.23424090530897015,1
8,38513.0,11005.606,0.2857634,9718.793613347558,0.35331568561832677,1
8,3650.0,1043.0543,0.2857683,572.4274227169558,0.21957780992199477,1
8,3877.0,1107.9225,0.28576797,618.1828078372765,0.2232450354195885,1
8,2685.0,767.293,0.2857702,384.8126693747657,0.20066291427811547,1
8,10386.0,2967.953,0.28576475,2085.3388342758567,0.2811169571699137,1
8,2944.0,841.3056,0.28576955,433.9568356341401,0.20638131544884852,1
8,606.0,173.192,0.2857954,44.00009593911288,0.10166192878972159,1
8,1990.0,568.68787,0.2857728,258.3593958592856,0.18177526928622476,1
8,1090.0,311.50125,0.28578097,110.81566887827618,0.1423453397350189,1
8,14196.0,4056.7095,0.28576428,3029.3149543143068,0.298769913550146,1
8,181.0,51.74278,0.2858717,1.1328255345845648,0.008764117964748689,1
8,1485.0,424.3776,0.28577617,172.73593930821204,0.1628628042648175,1
8,6468.0,1848.3342,0.28576595,1172.2537250615069,0.2537529299841193,1
8,3780.0,1080.2034,0.2857681,598.563475310045,0.22170687542472992,1
8,5192.0,1483.7007,0.2857667,892.888775118582,0.24078120424860674,1
8,2310.0,660.1319,0.28577137,315.5103361645428,0.19123367230726676,1
8,426.0,121.7547,0.28580916,23.117034369142743,0.07598156601558845,1
8,10740.0,3069.113,0.28576472,2171.05203780627,0.28302490289703747,1
8,154.0,44.027176,0.28589076,0.0,0.0,1
8,2058.0,588.11975,0.28577247,270.33534585063654,0.18391657825883614,1
8,10304.0,2944.5208,0.2857648,2065.549814888555,0.28066521356612684,1
8,616.0,176.04964,0.28579485,45.24014384931255,0.10283010911606882,1
8,3439.0,982.7583,0.28576863,530.4080467073568,0.21594293707987378,1
8,6720.0,1920.3464,0.28576583,1228.6662220196258,0.2559906054718807,1
8,2215.0,632.9845,0.2857718,298.3386709060275,0.18858138264356,1
8,910.0,260.0639,0.2857845,84.551659076077,0.13009226533430845,1
8,2010.0,574.40314,0.2857727,261.8718163878811,0.18241319911942874,1
8,7908.0,2259.833,0.28576544,1499.3739909165329,0.26546205042989257,1
8,8296.0,2370.709,0.28576532,1589.3475828770659,0.2682311431938034,1
8,1526.0,436.09384,0.28577578,179.44496822475293,0.16464258581711205,1
8,725.0,207.1978,0.28579006,59.209456609325414,0.11434763423761701,1
8,6279.0,1794.325,0.28576604,1130.1962843972372,0.2520129713060403,1
8,2420.0,691.5659,0.28577104,335.59527735894034,0.19416145564808002,1
8,5092.0,1455.1243,0.28576675,871.4834189493471,0.23962419479452687,1
8,1386.0,396.08707,0.2857771,156.73785973144612,0.15833499538296342,1
8,2600.0,743.0032,0.28577045,368.903187888943,0.1986557988089954,1
8,1775.0,507.24884,0.285774,221.1517388671814,0.17444412271340556,1
8,6000.0,1714.597,0.28576618,1068.5221342963468,0.24933994439744891,1
8,5292.0,1512.2771,0.28576666,914.3705206333059,0.241914697116767,1
8,4471.0,1277.6656,0.28576732,740.3682513081033,0.2318480215428287,1
8,8620.0,2463.2961,0.2857652,1665.0209026280193,0.270440310462691,1
8,4163.0,1189.6506,0.2857676,676.5888921049224,0.22755109104092452,1
8,5236.0,1496.2743,0.28576666,902.3313619434374,0.24128276574169336,1
8,3585.0,1024.4796,0.28576836,559.4291275308144,0.21848259074440426,1
8,3550.0,1014.47797,0.28576845,552.4497252096896,0.21788401673062624,1
8,1540.0,440.0946,0.28577572,181.74668766609932,0.1652384726980898,1
8,2998.0,856.7368,0.28576946,444.32342643240327,0.2075052846547715,1
8,1692.0,483.5305,0.28577453,207.0741893346723,0.17135243141632078,1
8,2592.0,740.71716,0.2857705,367.411628431019,0.1984632607751413,1
8,6836.0,1953.495,0.2857658,1254.7591484868688,0.25699085760936874,1
8,3818.0,1091.0624,0.28576803,606.2376159677982,0.2223144420544309,1
8,5000.0,1428.8341,0.2857668,851.8592842018897,0.2385381440104316,1
8,213.0,60.88719,0.28585535,3.368853266117915,0.022147071672482675,1
8,1582.0,452.0966,0.28577533,188.68401543002386,0.1669912785895088,1
8,6100.0,1743.1732,0.2857661,1090.570120429854,0.2503129398852338,1
8,4147.0,1185.0785,0.28576767,673.3000246397459,0.22731865872941875,1
8,5472.0,1563.7141,0.28576648,953.2253254940754,0.24389856644238564,1
8,4294.0,1227.0856,0.2857675,703.6080286586737,0.22941886544725307,1
8,9679.0,2765.9187,0.28576493,1915.557994646924,0.27709177888181946,1
8,1841.0,526.10913,0.28577358,232.46303516403398,0.1767926453972299,1
8,7456.0,2130.668,0.28576556,1395.495305367161,0.26204850649276795,1
8,3424.0,978.4718,0.28576863,527.440460458016,0.21567547691215874,1
8,7352.0,2100.9485,0.28576556,1371.7427651918329,0.2612320145061045,1
8,6237.0,1782.3228,0.28576604,1120.880319097831,0.2516187497266423,1
8,154.0,44.027176,0.28589076,0.0,0.0,1
8,4828.0,1379.683,0.285767,815.3522316185257,0.23644932519054873,1
8,4410.0,1260.2341,0.28576738,727.6672037391139,0.23102263278306745,1
8,6000.0,1714.597,0.28576618,1068.5221342963468,0.24933994439744891,1
8,704.0,201.1968,0.2857909,56.45696082311917,0.11228440867619707,1
8,10973.0,3135.6963,0.28576472,2227.712846218568,0.28424480259832724,1
8,2473.0,706.71136,0.28577086,345.34701496722016,0.19552128008657882,1
8,1378.0,393.801,0.2857772,155.45801961306066,0.15795384754835012,1
8,2973.0,849.5929,0.28576955,439.5190650354302,0.20698765870454272,1
8,6056.0,1730.5999,0.28576615,1080.8609446126218,0.24988692560412712,1
9,1365.0,380.4024,0.27868307,286.5514075755871,0.15799883107893112,2
9,2445.0,698.70996,0.28577095,620.9458344827892,0.19724226121646993,2
9,4772.0,1363.6802,0.28576702,1430.8927058782529,0.23830681031585704,2
9,4623.0,1321.1016,0.28576717,1376.6235627959186,0.23640246768005735,2
9,151.0,43.169888,0.2858933,0.0,0.0,2
9,1790.0,511.5353,0.2857739,413.29462901277907,0.17736653567812927,2
9,372.0,106.32349,0.28581583,34.869253137075695,0.067930812203413,2
9,8500.0,2429.0044,0.28576523,2856.045119791959,0.27229194013073393,2
9,882.0,252.06256,0.28578523,153.36321278403176,0.13020568364495688,2
9,6721.0,1920.6323,0.28576586,2161.8441822788227,0.2586159620342401,2
9,14448.0,4128.722,0.28576428,5299.05751043424,0.3025120066652828,2
9,3692.0,1055.0562,0.28576818,1044.0556309370877,0.2227831474971054,2
9,3430.0,980.1864,0.28576863,952.7595102795304,0.21827819652365443,2
9,29102.0,8316.292,0.2857636,11762.909162941523,0.3411474569587152,2
9,3810.0,1088.7764,0.28576806,1085.5290996365445,0.22470142792867737,2
9,2317.0,662.13226,0.28577137,579.4068469294615,0.1938503565929281,2
9,11056.0,3159.4148,0.28576472,3886.48786988935,0.287380348980263,2
9,5007.0,1430.8345,0.2857668,1517.0083590687675,0.24118493969593174,2
9,2016.0,576.1177,0.28577265,483.48722779081595,0.185004576211737,2
9,154.0,44.027176,0.28589076,0.0,0.0,2
9,2571.0,734.71606,0.28577054,662.2346158028081,0.20039913882765417,2
9,1846.0,527.53796,0.28577355,430.5279671989226,0.17935269952608493,2
9,485.0,138.61472,0.28580353,58.09645161370876,0.08770731378453521,2
9,5500.0,1571.7156,0.28576648,1699.6176174440718,0.24678127174162376,2
9,1877.0,536.39667,0.2857734,440.1143340088108,0.1804243282667165,2
9,5163.0,1475.4135,0.2857667,1574.5140178471327,0.2430170615486054,2
9,3311.0,946.1805,0.2857688,911.6718668579477,0.21610865102695034,2
9,87239.0,24929.691,0.28576314,39830.58273096791,0.3993667374542247,2
9,5850.0,1671.7327,0.28576627,1830.7433297197058,0.2504391256921557,2
9,308.0,88.03467,0.28582683,22.89131721754127,0.05346307049473474,2
9,4944.0,1412.8313,0.28576684,1493.8606752639157,0.24042770651312687,2
9,1837.0,524.9662,0.28577363,427.7509915180322,0.1790379526258531,2
9,429.0,122.61198,0.2858088,46.292046983519406,0.07863666779860222,2
9,4906.0,1401.9723,0.28576687,1479.9201615937825,0.23996599044544362,2
9,6005.0,1716.026,0.28576618,1889.181186765285,0.25198524026325475,2
9,2381.0,680.4211,0.28577113,600.1237805482348,0.19557089436264904,2
9,308.0,88.03467,0.28582683,22.89131721754127,0.05346307049473474,2
9,330.0,94.32146,0.2858226,26.896377369333468,0.05878968795022118,2
9,1475.0,421.52,0.28577626,318.557711746029,0.16476715809678344,2
9,1063.0,303.78564,0.2857814,201.5381858636866,0.14294471414014298,2
9,7412.0,2118.0945,0.2857656,2428.8592455406924,0.2643390100640094,2
9,1892.0,540.6831,0.2857733,444.7645155024041,0.1809359815920062,2
9,986.0,281.78192,0.28578287,180.75953802858953,0.13784061514052492,2
9,3159.0,902.7446,0.2857691,859.5551472713631,0.2132124577469636,2
9,5808.0,1659.7306,0.28576627,1814.9465916305485,0.25001265198740247,2
9,2507.0,716.42725,0.28577074,641.2145450362824,0.1988170193874295,2
9,2100.0,600.1218,0.2857723,509.9917914299486,0.18760978794096977,2
9,1395.0,398.65897,0.28577703,295.15905418591296,0.16109773945930878,2
9,2698.0,771.00793,0.28577018,704.2290348229369,0.20341671973904094,2
9,453.0,129.47028,0.28580636,51.28545611376723,0.0826770086220114,2
9,14484.0,4139.0093,0.28576425,5314.276703877051,0.30265167502093776,2
9,6390.0,1826.0444,0.28576595,2035.2574588772163,0.25564897974587353,2
9,1475.0,421.52,0.28577626,318.557711746029,0.16476715809678344,2
9,6944.0,1984.3574,0.28576577,2247.6211670459543,0.2605286249837584,2
9,28250.0,8072.822,0.2857636,11375.587800389796,0.33953415679423904,2
9,3738.0,1068.2015,0.2857682,1060.1978616487295,0.22353868445883568,2
9,3024.0,864.16675,0.28576943,813.6275502966054,0.2105118763658216,2
9,2623.0,749.5757,0.28577036,679.3844863036364,0.20165367486963792,2
9,4980.0,1423.119,0.28576687,1507.0825032130315,0.24086167628494662,2
9,540.0,154.33167,0.28579938,70.17660894619547,0.09554493413610296,2
9,154.0,44.027176,0.28589076,0.0,0.0,2
9,2434.0,695.56665,0.285771,617.3597130063945,0.19695839289790673,2
9,3900.0,1114.4951,0.28576797,1117.302828544404,0.22612224379226006,2
9,9366.0,2676.4749,0.285765,3201.28657813042,0.27788653284444403,2
9,2147.0,613.5526,0.28577206,524.913506834201,0.18901876326461056,2
9,5746.0,1642.0135,0.28576636,1791.6578598754252,0.24937709026464178,2
9,444.0,126.89842,0.28580725,49.40099537982808,0.08119054309666851,2
9,1714.0,489.8173,0.28577438,390.0854331353375,0.1745605315147865,2
9,2284.0,652.70215,0.28577152,568.7668025165135,0.19294304820403504,2
9,2357.0,673.5628,0.28577125,592.3424385661086,0.19493160982509822,2
9,616.0,176.04964,0.28579485,87.55919390030462,0.1050254862124478,2
9,5783.0,1652.5864,0.28576627,1805.5516644078816,0.249757242888421,2
9,10005.0,2859.0776,0.28576487,3458.685829990132,0.28167438671253653,2
9,3113.0,889.5996,0.28576922,843.8667837092038,0.21230642402850197,2
9,1904.0,544.1122,0.28577322,448.4900766367322,0.18134214680526964,2
9,10000.0,2857.649,0.2857649,3456.663722149335,0.28164577678465963,2
9,4830.0,1380.2545,0.285767,1452.088043549817,0.23903097174758417,2
9,5330.0,1523.136,0.2857666,1636.362711981987,0.24491412962556072,2
9,14670.0,4192.1616,0.28576425,5392.980561512775,0.30336777664053005,2
9,5922.0,1692.3076,0.28576624,1857.8613442255426,0.2511626762805812,2
9,13573.0,3878.6797,0.28576437,4930.50278666216,0.2989986145735502,2
9,3215.0,918.74744,0.28576905,878.7071725414044,0.21429655013702795,2
9,910.0,260.0639,0.2857845,160.658906060147,0.13235482488149064,2
9,2160.0,617.2676,0.28577203,529.0520925324979,0.18940260046202734,2
9,11526.0,3293.7227,0.28576458,4079.453331944566,0.2897491423051522,2
9,2618.0,748.147,0.28577042,677.7326978626427,0.20153421460097093,2
9,4032.0,1152.2157,0.2857678,1164.118463868168,0.22814384465434484,2
9,10880.0,3109.12,0.28576472,3814.4841426095627,0.2864658477445987,2
9,2926.0,836.1619,0.2857696,780.5099633603522,0.2084690019488917,2
9,760.0,217.19951,0.28578883,122.33670389112659,0.11987535337345961,2
9,7749.0,2214.3962,0.2857654,2560.3372645230033,0.2669279311636393,2
9,1098.0,313.7873,0.2857808,211.11118774691133,0.14513242953101832,2
9,5100.0,1457.4104,0.28576675,1551.2588093933973,0.24228437303595962,2
9,225.0,64.316345,0.28585044,9.062481643856616,0.028608999422078986,2
9,1600.0,457.24036,0.2857752,355.67909534936575,0.17008781271434795,2
9,4449.0,1271.3788,0.28576732,1313.5899043224413,0.23409388244799215,2
9,4460.0,1274.5222,0.28576732,1317.5636720188047,0.23424267247785516,2
9,2961.0,846.1637,0.28576958,792.3155934362052,0.20920691622278376,2
9,1215.0,347.22162,0.28577912,243.64895330015165,0.15192762479578414,2
9,3762.0,1075.0597,0.28576812,1068.632895861519,0.2239289155488241,2
10,1713.0,494.9859,0.2889585,213.4600890782591,0.1752525600748708,1
10,837.0,239.20328,0.28578648,75.68169600917908,0.12660105546213682,1
10,2222.0,634.98486,0.28577176,303.45617086873574,0.19121189448523454,1
10,3375.0,964.4695,0.28576875,523.8044841493198,0.21729842469515362,1
10,5645.0,1613.1514,0.2857664,1001.2659258060734,0.24833916572597603,1
10,170088.0,48604.86,0.28576303,52680.65683915409,0.43364582581686195,1
10,1461.0,417.5193,0.28577638,171.29036860208726,0.1641528841751016,1
10,5537.0,1582.2888,0.28576645,977.5758613826002,0.2471927320308255,1
10,2982.0,852.1646,0.2857695,446.5366739684567,0.20965783386164907,1
10,2691.0,769.0077,0.28577024,390.6775559352421,0.2032669714597263,1
10,6480.0,1851.7634,0.28576598,1187.0730846155884,0.25648496270243376,1
10,2011.0,574.6888,0.28577265,265.51380354176223,0.18485812835403295,1
10,1628.0,465.24173,0.285775,199.0989006790179,0.1712298297683743,1
10,3927.0,1122.2104,0.28576788,635.4377999344849,0.22655453766842842,1
10,670.0,191.48087,0.28579235,53.123504582072655,0.11101646882981128,1
10,6780.0,1937.4921,0.2857658,1254.8967345025003,0.2591419056939243,1
10,2506.0,716.1415,0.28577074,355.8318064644702,0.1988044319634352,1
10,777.0,222.05746,0.28578824,67.38761742718206,0.1214317035160441,1
10,3031.0,866.1671,0.28576943,456.0604171440103,0.21066772412211174,1
10,3366.0,961.89764,0.28576875,522.0132175997597,0.21713435632483938,1
10,4175.0,1193.0797,0.28576759,686.642260332858,0.23026848272111466,1
10,151.0,43.169888,0.2858933,0.0,0.0,1
10,3366.0,961.89764,0.28576875,522.0132175997597,0.21713435632483938,1
10,1402.0,400.65927,0.28577694,161.65625443793402,0.16143980744512132,1
10,5815.0,1661.731,0.28576627,1038.7211078356245,0.2500972359578103,1
10,2947.0,842.163,0.2857696,439.75415817158813,0.20892551935105813,1
10,151.0,43.169888,0.2858933,0.0,0.0,1
10,2400.0,685.8506,0.28577107,336.11821935455487,0.1960845516715847,1
10,257.0,73.460754,0.2858395,7.20778065771657,0.039271059625090914,1
10,2308.0,659.5605,0.28577143,319.16546279985283,0.19361672664250626,1
10,3387.0,967.8987,0.28576872,526.1943739785166,0.2175164677829119,1
10,2369.0,676.99194,0.2857712,330.38922913289144,0.19526457207825496,1
10,8939.0,2554.4546,0.28576514,1757.112403667692,0.27521339277696355,1
10,2233.0,638.1283,0.28577173,305.4578835333223,0.1915250504148831,1
10,2397.0,684.99335,0.2857711,335.5630712958755,0.1960057052002579,1
10,1949.0,556.97156,0.28577298,254.53693804450623,0.18285325952737083,1
10,3850.0,1100.2068,0.285768,619.6663528568329,0.2253501644967077,1
10,6528.0,1865.48,0.28576592,1197.8888465035377,0.2569187566992942,1
10,29462.0,8419.167,0.2857636,7193.055268785008,0.34182922357053663,1
10,2272.0,649.273,0.28577158,312.57293623364205,0.19262201110154092,1
10,3378.0,965.3268,0.28576875,524.4018313456125,0.2173530287825562,1
10,33264.0,9505.638,0.28576353,8277.262397902072,0.3483936431202994,1
10,176.0,50.31397,0.2858748,1.0586900946680455,0.008423291620936302,1
10,3600.0,1028.7661,0.28576836,568.8964662378934,0.22125426596795672,1
10,2154.0,615.553,0.28577206,291.13280459643477,0.18923810864512872,1
10,4385.0,1253.0901,0.2857674,730.4660488319981,0.23323341645546294,1
10,6594.0,1884.3405,0.28576592,1212.783082104398,0.25750971387318017,1
10,4724.0,1349.9636,0.28576708,802.053671349768,0.2377134036930719,1
10,6200.0,1771.7495,0.28576607,1124.2639786012764,0.25388445878942145,1
10,429.0,122.61198,0.2858088,24.09667947124027,0.07864758943802519,1
10,4144.0,1184.2211,0.28576764,680.2084514050965,0.22981731654278764,1
10,3708.0,1059.6284,0.28576818,590.7456250177896,0.2230599471108578,1
10,4068.0,1162.5032,0.28576773,664.4750588430248,0.22869584742190244,1
10,448.0,128.04147,0.28580686,26.193809143014082,0.0818662637949736,1
10,25660.0,7332.6963,0.28576368,6127.048111388551,0.3343125758172495,1
10,4442.0,1269.3784,0.28576732,742.4315368290139,0.23401200478302137,1
10,2284.0,652.70215,0.28577152,314.7678215460491,0.19295545644503614,1
10,413.0,118.03977,0.2858106,22.361237221783146,0.07581102501838763,1
10,2795.0,798.7269,0.2857699,410.4993015877718,0.20563284026202802,1
10,8003.0,2286.9802,0.28576538,1536.5524688985797,0.2688151072384234,1
10,420.0,120.04011,0.2858098,23.11697827332089,0.07706689750470214,1
10,332.0,94.892975,0.2858222,14.052078452054516,0.059264707333632004,1
10,6332.0,1809.4705,0.28576604,1153.8131696545704,0.25512562365606095,1
10,2106.0,601.83636,0.28577226,282.48775678204834,0.18780387330289616,1
10,3094.0,884.17004,0.28576925,468.35285836080726,0.21194067764244606,1
10,11214.0,3204.565,0.28576466,2308.3367550176213,0.28820219380402906,1
10,2250.0,642.98615,0.2857716,308.5558438635979,0.19200571476550712,1
10,1717.0,490.67465,0.2857744,214.22185786138553,0.17468599032724708,1
10,1584.0,452.66815,0.28577533,191.69801367801244,0.16944454802754072,1
10,22600.0,6458.2617,0.2857638,5284.188214494827,0.32736178238206604,1
10,770.0,220.05713,0.28578848,66.43317071489147,0.12080013071678938,1
10,987.0,282.0677,0.28578287,97.2251935341277,0.1379213179442276,1
10,3765.0,1075.917,0.28576812,602.3286917618159,0.22399036772457043,1
10,1993.0,569.54517,0.2857728,262.31858752952695,0.18428304240273938,1
10,845.0,241.48936,0.28578624,76.80236506601801,0.12725933987587723,1
10,5824.0,1664.3027,0.28576627,1040.7095483210417,0.2501887714092275,1
10,340.0,97.17908,0.2858208,14.834159956016004,0.06109094629001219,1
10,2060.0,588.69135,0.2857725,274.245845266764,0.18639586219711995,1
10,606.0,173.192,0.2857954,44.953916360836665,0.10386572452520473,1
10,814.0,232.63068,0.28578708,72.47885366100161,0.12466920888760868,1
10,7831.0,2237.829,0.28576544,1496.4718243687603,0.2675533881481813,1
10,1000.0,285.7826,0.2857826,99.14201204227804,0.13881209144322695,1
10,4899.0,1399.972,0.2857669,839.3945250517155,0.2398936321922712,1
10,2154.0,615.553,0.28577206,291.13280459643477,0.18923810864512872,1
10,3600.0,1028.7661,0.28576836,568.8964662378934,0.22125426596795672,1
10,2453.0,700.9961,0.28577092,345.95128927861873,0.19746034129518295,1
10,2485.0,710.1405,0.28577083,351.9113017756682,0.1982755831414001,1
10,1420.0,405.803,0.28577676,164.58439022959024,0.16228049550087692,1
10,9650.0,2757.6318,0.28576496,1927.2196776445844,0.279616473143919,1
10,1105.0,315.7877,0.28578073,114.88765270470228,0.14557255523491788,1
10,5964.0,1704.3096,0.28576618,1071.7113869160735,0.2515937260245215,1
10,2961.0,846.1637,0.28576958,442.4651220369694,0.20921956052133617,1
10,2265.0,647.2726,0.28577155,311.29382538600476,0.19242662398884725,1
10,423.0,120.89739,0.28580943,23.442549583664707,0.07759797162970873,1
10,10000.0,2857.649,0.2857649,2011.7113800662578,0.28165954867827675,1
10,3154.0,901.3158,0.2857691,480.1086626007193,0.2131273712163312,1
10,6552.0,1872.3381,0.2857659,1203.3018523806988,0.25713435864247697,1
10,5557.0,1588.0042,0.28576645,981.9566895180742,0.2474068320365509,1
10,11269.0,3220.2815,0.2857646,2321.8996301510747,0.288480660425726,1
10,110328.0,31527.668,0.28576306,32427.9635790883,0.41152064646413267,1
